<?xml version="1.0" encoding="UTF-8"?><MD_Metadata xmlns:xlink="http://www.w3.org/1999/xlink" xmlns:srv="http://www.isotc211.org/2005/srv" xmlns:gts="http://www.isotc211.org/2005/gts" xmlns:xalan="http://xml.apache.org/xalan" xmlns:gco="http://www.isotc211.org/2005/gco" xmlns:gml="http://www.opengis.net/gml" xmlns:xsi="http://www.w3.org/2001/XMLSchema-instance" xmlns="http://www.isotc211.org/2005/gmd">
    <characterSet>
        <MD_CharacterSetCode codeList="http://www.isotc211.org/2005/resources/Codelist/gmxCodelists.xml#MD_CharacterSetCode" codeListValue="utf8" codeSpace="ISOTC211/19115">utf8</MD_CharacterSetCode>
    </characterSet>
    <hierarchyLevel>
        <MD_ScopeCode codeList="http://www.isotc211.org/2005/resources/Codelist/gmxCodelists.xml#MD_ScopeCode" codeListValue="dataset" codeSpace="ISOTC211/19115">dataset</MD_ScopeCode>
    </hierarchyLevel>
    <hierarchyLevelName>
        <gco:CharacterString>dataset</gco:CharacterString>
    </hierarchyLevelName>
    <contact gco:nilReason="missing"/>
    <dateStamp gco:nilReason="missing"/>
    <metadataStandardName>
        <gco:CharacterString>ISO 19139 Geographic Information - Metadata - Implementation Specification</gco:CharacterString>
    </metadataStandardName>
    <metadataStandardVersion>
        <gco:CharacterString>2007</gco:CharacterString>
    </metadataStandardVersion>
    <identificationInfo>
        <MD_DataIdentification>
            <citation gco:nilReason="missing"/>
            <abstract>
                <gco:CharacterString>The total number of persons of all ages that live within an area. This indicator is frequently used to normalize data to allow for comparison across areas. Source: U.S. Bureau of the Census     Years Available: 2010</gco:CharacterString>
            </abstract>
            <purpose>
                <gco:CharacterString>The total number of persons of all ages that live within an area. This indicator is frequently used to normalize data to allow for comparison across areas.</gco:CharacterString>
            </purpose>
            <descriptiveKeywords>
                <MD_Keywords>
                    <keyword>
                        <gco:CharacterString>census</gco:CharacterString>
                    </keyword>
                    <keyword>
                        <gco:CharacterString>    2010</gco:CharacterString>
                    </keyword>
                </MD_Keywords>
            </descriptiveKeywords>
            <descriptiveKeywords>
                <MD_Keywords>
                    <keyword>
                        <gco:CharacterString>census</gco:CharacterString>
                    </keyword>
                    <keyword>
                        <gco:CharacterString>    2010</gco:CharacterString>
                    </keyword>
                </MD_Keywords>
            </descriptiveKeywords>
            <language gco:nilReason="missing"/>
            <characterSet>
                <MD_CharacterSetCode codeList="http://www.isotc211.org/2005/resources/Codelist/gmxCodelists.xml#MD_CharacterSetCode" codeListValue="utf8" codeSpace="ISOTC211/19115">utf8</MD_CharacterSetCode>
            </characterSet>
        </MD_DataIdentification>
    </identificationInfo>
</MD_Metadata>
