<?xml version="1.0" encoding="UTF-8"?>
<metadata xml:lang="en"><Esri><CreaDate>20200902</CreaDate><CreaTime>09305700</CreaTime><ArcGISFormat>1.0</ArcGISFormat><SyncOnce>FALSE</SyncOnce><DataProperties><itemProps><itemName Sync="TRUE">CSA_RATE_IND_SLIM</itemName><imsContentType Sync="TRUE">002</imsContentType><itemLocation><linkage Sync="TRUE">file://\\BCHD-OPI1-SRV\Opioids\COVID - Maps\Partner Map\Partner.gdb</linkage><protocol Sync="TRUE">Local Area Network</protocol></itemLocation></itemProps><coordRef><type Sync="TRUE">Projected</type><geogcsn Sync="TRUE">GCS_North_American_1983</geogcsn><csUnits Sync="TRUE">Linear Unit: Foot_US (0.304801)</csUnits><projcsn Sync="TRUE">NAD_1983_StatePlane_Maryland_FIPS_1900_Feet</projcsn><peXml Sync="TRUE">&lt;ProjectedCoordinateSystem xsi:type='typens:ProjectedCoordinateSystem' xmlns:xsi='http://www.w3.org/2001/XMLSchema-instance' xmlns:xs='http://www.w3.org/2001/XMLSchema' xmlns:typens='http://www.esri.com/schemas/ArcGIS/10.6'&gt;&lt;WKT&gt;PROJCS[&amp;quot;NAD_1983_StatePlane_Maryland_FIPS_1900_Feet&amp;quot;,GEOGCS[&amp;quot;GCS_North_American_1983&amp;quot;,DATUM[&amp;quot;D_North_American_1983&amp;quot;,SPHEROID[&amp;quot;GRS_1980&amp;quot;,6378137.0,298.257222101]],PRIMEM[&amp;quot;Greenwich&amp;quot;,0.0],UNIT[&amp;quot;Degree&amp;quot;,0.0174532925199433]],PROJECTION[&amp;quot;Lambert_Conformal_Conic&amp;quot;],PARAMETER[&amp;quot;False_Easting&amp;quot;,1312333.333333333],PARAMETER[&amp;quot;False_Northing&amp;quot;,0.0],PARAMETER[&amp;quot;Central_Meridian&amp;quot;,-77.0],PARAMETER[&amp;quot;Standard_Parallel_1&amp;quot;,38.3],PARAMETER[&amp;quot;Standard_Parallel_2&amp;quot;,39.45],PARAMETER[&amp;quot;Latitude_Of_Origin&amp;quot;,37.66666666666666],UNIT[&amp;quot;Foot_US&amp;quot;,0.3048006096012192],AUTHORITY[&amp;quot;EPSG&amp;quot;,2248]]&lt;/WKT&gt;&lt;XOrigin&gt;-120561100&lt;/XOrigin&gt;&lt;YOrigin&gt;-95444400&lt;/YOrigin&gt;&lt;XYScale&gt;36953082.294548117&lt;/XYScale&gt;&lt;ZOrigin&gt;-100000&lt;/ZOrigin&gt;&lt;ZScale&gt;10000&lt;/ZScale&gt;&lt;MOrigin&gt;-100000&lt;/MOrigin&gt;&lt;MScale&gt;10000&lt;/MScale&gt;&lt;XYTolerance&gt;0.0032808333333333331&lt;/XYTolerance&gt;&lt;ZTolerance&gt;0.001&lt;/ZTolerance&gt;&lt;MTolerance&gt;0.001&lt;/MTolerance&gt;&lt;HighPrecision&gt;true&lt;/HighPrecision&gt;&lt;WKID&gt;102685&lt;/WKID&gt;&lt;LatestWKID&gt;2248&lt;/LatestWKID&gt;&lt;/ProjectedCoordinateSystem&gt;</peXml></coordRef><lineage><Process ToolSource="c:\program files (x86)\arcgis\desktop10.6\ArcToolbox\Toolboxes\Conversion Tools.tbx\FeatureClassToFeatureClass" Date="20200701" Time="093355">FeatureClassToFeatureClass CSA_RATE_INDICATOR "O:\COVID - Maps\Partner Map\Partner.gdb" CSA_RATE_IND_SLIM # "OBJECTID "OBJECTID" true true false 2 Short 0 0 ,First,#,CSA_RATE_INDICATOR,OBJECTID,-1,-1;CSA2010 "CSA2010" true true false 37 Text 0 0 ,First,#,CSA_RATE_INDICATOR,CSA2010,-1,-1;tpop10 "tpop10" true true false 4 Long 0 0 ,First,#,CSA_RATE_INDICATOR,tpop10,-1,-1;Shape__Are "Shape__Are" true true false 8 Double 0 0 ,First,#,CSA_RATE_INDICATOR,Shape__Are,-1,-1;Shape__Len "Shape__Len" true true false 8 Double 0 0 ,First,#,CSA_RATE_INDICATOR,Shape__Len,-1,-1;CentX "CentX" true true false 8 Double 0 0 ,First,#,CSA_RATE_INDICATOR,CentX,-1,-1;Centy "Centy" true true false 8 Double 0 0 ,First,#,CSA_RATE_INDICATOR,Centy,-1,-1;Count_ "Count_" true true false 4 Long 0 0 ,First,#,CSA_RATE_INDICATOR,Count_,-1,-1;Sum_test "Sum_test" true true false 8 Double 0 0 ,First,#,CSA_RATE_INDICATOR,Sum_test,-1,-1;Sum_pos "Sum_pos" true true false 8 Double 0 0 ,First,#,CSA_RATE_INDICATOR,Sum_pos,-1,-1;Sum_neg "Sum_neg" true true false 8 Double 0 0 ,First,#,CSA_RATE_INDICATOR,Sum_neg,-1,-1;Sum_inconcl "Sum_inconcl" true true false 8 Double 0 0 ,First,#,CSA_RATE_INDICATOR,Sum_inconcl,-1,-1;Sum_tag "Sum_tag" true true false 8 Double 0 0 ,First,#,CSA_RATE_INDICATOR,Sum_tag,-1,-1;Sum_patient "Sum_patient" true true false 8 Double 0 0 ,First,#,CSA_RATE_INDICATOR,Sum_patient,-1,-1;Sum_recs "Sum_recs" true true false 8 Double 0 0 ,First,#,CSA_RATE_INDICATOR,Sum_recs,-1,-1;Rate "Rate" true true false 4 Float 0 0 ,First,#,CSA_RATE_INDICATOR,Rate,-1,-1;Per_Pos "Per_Pos" true true false 4 Float 0 0 ,First,#,CSA_RATE_INDICATOR,Per_Pos,-1,-1;Per_Tested "Per_Tested" true true false 4 Float 0 0 ,First,#,CSA_RATE_INDICATOR,Per_Tested,-1,-1;ID "ID" true true false 4 Long 0 0 ,First,#,CSA_RATE_INDICATOR,ID,-1,-1;CSA2010_1 "CSA2010" true true false 8000 Text 0 0 ,First,#,CSA_RATE_INDICATOR,CSA2010_1,-1,-1;PercentofResidentsBlackAfricanAmericanNonHispanic "PercentofResidentsBlackAfricanAmericanNonHispanic" true true false 8 Double 0 0 ,First,#,CSA_RATE_INDICATOR,PercentofResidentsBlackAfricanAmericanNonHispanic,-1,-1;PercentofResidentsWhiteCaucasianNonHispanic "PercentofResidentsWhiteCaucasianNonHispanic" true true false 8 Double 0 0 ,First,#,CSA_RATE_INDICATOR,PercentofResidentsWhiteCaucasianNonHispanic,-1,-1;PercentofResidentsAsianNonHispanic "PercentofResidentsAsianNonHispanic" true true false 8 Double 0 0 ,First,#,CSA_RATE_INDICATOR,PercentofResidentsAsianNonHispanic,-1,-1;PercentofResidentsTwoorMoreRacesNonHispanic "PercentofResidentsTwoorMoreRacesNonHispanic" true true false 8 Double 0 0 ,First,#,CSA_RATE_INDICATOR,PercentofResidentsTwoorMoreRacesNonHispanic,-1,-1;PercentofResidentsAllOtherRacesHawaiianPacificIslanderAlaskanNat "PercentofResidentsAllOtherRacesHawaiianPacificIslanderAlaskanNativeAmericanOtherRaceNonHispanic" true true false 8 Double 0 0 ,First,#,CSA_RATE_INDICATOR,PercentofResidentsAllOtherRacesHawaiianPacificIslanderAlaskanNat,-1,-1;PercentofResidentsHispanic "PercentofResidentsHispanic" true true false 8 Double 0 0 ,First,#,CSA_RATE_INDICATOR,PercentofResidentsHispanic,-1,-1;RacialDiversityIndex "RacialDiversityIndex" true true false 4 Long 0 0 ,First,#,CSA_RATE_INDICATOR,RacialDiversityIndex,-1,-1;PercentofPopulationUnder5yearsold "PercentofPopulationUnder5yearsold" true true false 8 Double 0 0 ,First,#,CSA_RATE_INDICATOR,PercentofPopulationUnder5yearsold,-1,-1;PercentofPopulation517yearsold "PercentofPopulation517yearsold" true true false 8 Double 0 0 ,First,#,CSA_RATE_INDICATOR,PercentofPopulation517yearsold,-1,-1;PercentofPopulation1824yearsold "PercentofPopulation1824yearsold" true true false 8 Double 0 0 ,First,#,CSA_RATE_INDICATOR,PercentofPopulation1824yearsold,-1,-1;PercentofPopulation2564Yearsold "PercentofPopulation2564Yearsold" true true false 8 Double 0 0 ,First,#,CSA_RATE_INDICATOR,PercentofPopulation2564Yearsold,-1,-1;PercentofPopulation65Yearsandover "PercentofPopulation65Yearsandover" true true false 4 Long 0 0 ,First,#,CSA_RATE_INDICATOR,PercentofPopulation65Yearsandover,-1,-1;TotalNumberofHouseholds "TotalNumberofHouseholds" true true false 8000 Text 0 0 ,First,#,CSA_RATE_INDICATOR,TotalNumberofHouseholds,-1,-1;TotalNumberofHouseholds_X "TotalNumberofHouseholds_X" true true false 8 Double 0 0 ,First,#,CSA_RATE_INDICATOR,TotalNumberofHouseholds_X,-1,-1;TotalNumberofHouseholds_Y "TotalNumberofHouseholds_Y" true true false 8 Double 0 0 ,First,#,CSA_RATE_INDICATOR,TotalNumberofHouseholds_Y,-1,-1;PercentofFemaleHeadedHouseholdswithChildrenUnder18 "PercentofFemaleHeadedHouseholdswithChildrenUnder18" true true false 8 Double 0 0 ,First,#,CSA_RATE_INDICATOR,PercentofFemaleHeadedHouseholdswithChildrenUnder18,-1,-1;PercentofHouseholdswithChildrenUnder18 "PercentofHouseholdswithChildrenUnder18" true true false 8 Double 0 0 ,First,#,CSA_RATE_INDICATOR,PercentofHouseholdswithChildrenUnder18,-1,-1;MedianHouseholdIncome "MedianHouseholdIncome" true true false 8 Double 0 0 ,First,#,CSA_RATE_INDICATOR,MedianHouseholdIncome,-1,-1;PercentofHouseholdsEarningLessthan25000 "PercentofHouseholdsEarningLessthan25000" true true false 8 Double 0 0 ,First,#,CSA_RATE_INDICATOR,PercentofHouseholdsEarningLessthan25000,-1,-1;PercentofHouseholdsEarning25000to40000 "PercentofHouseholdsEarning25000to40000" true true false 8 Double 0 0 ,First,#,CSA_RATE_INDICATOR,PercentofHouseholdsEarning25000to40000,-1,-1;PercentofHouseholdsEarning40000to60000 "PercentofHouseholdsEarning40000to60000" true true false 8 Double 0 0 ,First,#,CSA_RATE_INDICATOR,PercentofHouseholdsEarning40000to60000,-1,-1;PercentofHouseholdsEarning60000to75000 "PercentofHouseholdsEarning60000to75000" true true false 8 Double 0 0 ,First,#,CSA_RATE_INDICATOR,PercentofHouseholdsEarning60000to75000,-1,-1;PercentofHouseholdsEarningMorethan75000 "PercentofHouseholdsEarningMorethan75000" true true false 8 Double 0 0 ,First,#,CSA_RATE_INDICATOR,PercentofHouseholdsEarningMorethan75000,-1,-1;PercentofFamilyHouseholdsLivingBelowthePovertyLine "PercentofFamilyHouseholdsLivingBelowthePovertyLine" true true false 4 Long 0 0 ,First,#,CSA_RATE_INDICATOR,PercentofFamilyHouseholdsLivingBelowthePovertyLine,-1,-1;PercentofChildrenLivingBelowthePovertyLine "PercentofChildrenLivingBelowthePovertyLine" true true false 8 Double 0 0 ,First,#,CSA_RATE_INDICATOR,PercentofChildrenLivingBelowthePovertyLine,-1,-1;AffordabilityIndexMortgage "AffordabilityIndexMortgage" true true false 8 Double 0 0 ,First,#,CSA_RATE_INDICATOR,AffordabilityIndexMortgage,-1,-1;AffordabilityIndexRent "AffordabilityIndexRent" true true false 8 Double 0 0 ,First,#,CSA_RATE_INDICATOR,AffordabilityIndexRent,-1,-1;Part1CrimeRateper1000Residents "Part1CrimeRateper1000Residents" true true false 8 Double 0 0 ,First,#,CSA_RATE_INDICATOR,Part1CrimeRateper1000Residents,-1,-1;ViolentCrimeRateper1000Residents "ViolentCrimeRateper1000Residents" true true false 8 Double 0 0 ,First,#,CSA_RATE_INDICATOR,ViolentCrimeRateper1000Residents,-1,-1;PropertyCrimeRateper1000Residents "PropertyCrimeRateper1000Residents" true true false 8 Double 0 0 ,First,#,CSA_RATE_INDICATOR,PropertyCrimeRateper1000Residents,-1,-1;NumberofShootingsper1000Residents "NumberofShootingsper1000Residents" true true false 8 Double 0 0 ,First,#,CSA_RATE_INDICATOR,NumberofShootingsper1000Residents,-1,-1;NumberofGunRelatedHomicidesper1000Residents "NumberofGunRelatedHomicidesper1000Residents" true true false 8 Double 0 0 ,First,#,CSA_RATE_INDICATOR,NumberofGunRelatedHomicidesper1000Residents,-1,-1;NumberofCommonAssaultCallsforServiceper1000Residents "NumberofCommonAssaultCallsforServiceper1000Residents" true true false 8 Double 0 0 ,First,#,CSA_RATE_INDICATOR,NumberofCommonAssaultCallsforServiceper1000Residents,-1,-1;NumberofNarcoticsCallsforServiceper1000Residents "NumberofNarcoticsCallsforServiceper1000Residents" true true false 8 Double 0 0 ,First,#,CSA_RATE_INDICATOR,NumberofNarcoticsCallsforServiceper1000Residents,-1,-1;NumberofAutomobileAccidentCallsforServiceper1000Residents "NumberofAutomobileAccidentCallsforServiceper1000Residents" true true false 8 Double 0 0 ,First,#,CSA_RATE_INDICATOR,NumberofAutomobileAccidentCallsforServiceper1000Residents,-1,-1;PercentageofPopulationaged1619inSchoolandorEmployed "PercentageofPopulationaged1619inSchoolandorEmployed" true true false 8 Double 0 0 ,First,#,CSA_RATE_INDICATOR,PercentageofPopulationaged1619inSchoolandorEmployed,-1,-1;TeenPregnancyRateper1000Femalesaged1519 "TeenPregnancyRateper1000Femalesaged1519" true true false 8 Double 0 0 ,First,#,CSA_RATE_INDICATOR,TeenPregnancyRateper1000Femalesaged1519,-1,-1;PercentofBirthsDeliveredatTerm3742Weeks "PercentofBirthsDeliveredatTerm3742Weeks" true true false 8 Double 0 0 ,First,#,CSA_RATE_INDICATOR,PercentofBirthsDeliveredatTerm3742Weeks,-1,-1;PercentofBabiesBornwithaSatisfactoryBirthWeight "PercentofBabiesBornwithaSatisfactoryBirthWeight" true true false 8 Double 0 0 ,First,#,CSA_RATE_INDICATOR,PercentofBabiesBornwithaSatisfactoryBirthWeight,-1,-1;PercentofBirthsWheretheMotherReceivedEarlyPrenatalCareFirstTrime "PercentofBirthsWheretheMotherReceivedEarlyPrenatalCareFirstTrimester" true true false 8 Double 0 0 ,First,#,CSA_RATE_INDICATOR,PercentofBirthsWheretheMotherReceivedEarlyPrenatalCareFirstTrime,-1,-1;NumberofChildrenaged06TestedforElevatedBloodLeadLevels "NumberofChildrenaged06TestedforElevatedBloodLeadLevels" true true false 4 Long 0 0 ,First,#,CSA_RATE_INDICATOR,NumberofChildrenaged06TestedforElevatedBloodLeadLevels,-1,-1;PercentofChildrenaged06withElevatedBloodLeadLevels "PercentofChildrenaged06withElevatedBloodLeadLevels" true true false 4 Long 0 0 ,First,#,CSA_RATE_INDICATOR,PercentofChildrenaged06withElevatedBloodLeadLevels,-1,-1;PercentofFamiliesReceivingTANF "PercentofFamiliesReceivingTANF" true true false 8 Double 0 0 ,First,#,CSA_RATE_INDICATOR,PercentofFamiliesReceivingTANF,-1,-1;LiquorOutletdensityper1000Residents "LiquorOutletdensityper1000Residents" true true false 8 Double 0 0 ,First,#,CSA_RATE_INDICATOR,LiquorOutletdensityper1000Residents,-1,-1;FastFoodOutletDensityper1000Residents "FastFoodOutletDensityper1000Residents" true true false 8 Double 0 0 ,First,#,CSA_RATE_INDICATOR,FastFoodOutletDensityper1000Residents,-1,-1;LifeExpectancy "LifeExpectancy" true true false 8 Double 0 0 ,First,#,CSA_RATE_INDICATOR,LifeExpectancy,-1,-1;InfantMortalityRate "InfantMortalityRate" true true false 8 Double 0 0 ,First,#,CSA_RATE_INDICATOR,InfantMortalityRate,-1,-1;MortalitybyAge114Yearsold "MortalitybyAge114Yearsold" true true false 8 Double 0 0 ,First,#,CSA_RATE_INDICATOR,MortalitybyAge114Yearsold,-1,-1;MortalitybyAge1524Yearsold "MortalitybyAge1524Yearsold" true true false 8 Double 0 0 ,First,#,CSA_RATE_INDICATOR,MortalitybyAge1524Yearsold,-1,-1;MortalitybyAge2544Yearsold "MortalitybyAge2544Yearsold" true true false 8 Double 0 0 ,First,#,CSA_RATE_INDICATOR,MortalitybyAge2544Yearsold,-1,-1;MortalitybyAge4564Yearsold "MortalitybyAge4564Yearsold" true true false 8 Double 0 0 ,First,#,CSA_RATE_INDICATOR,MortalitybyAge4564Yearsold,-1,-1;MortalitybyAge6584Yearsold "MortalitybyAge6584Yearsold" true true false 8 Double 0 0 ,First,#,CSA_RATE_INDICATOR,MortalitybyAge6584Yearsold,-1,-1;MortalitybyAge85andover "MortalitybyAge85andover" true true false 8 Double 0 0 ,First,#,CSA_RATE_INDICATOR,MortalitybyAge85andover,-1,-1;NumberofOverdoseCallsforServiceper1000Residents "NumberofOverdoseCallsforServiceper1000Residents" true true false 8 Double 0 0 ,First,#,CSA_RATE_INDICATOR,NumberofOverdoseCallsforServiceper1000Residents,-1,-1;NumberofPersonswithLibraryCardsper1000Residents "NumberofPersonswithLibraryCardsper1000Residents" true true false 8 Double 0 0 ,First,#,CSA_RATE_INDICATOR,NumberofPersonswithLibraryCardsper1000Residents,-1,-1;PublicArtper1000Residents "PublicArtper1000Residents" true true false 8 Double 0 0 ,First,#,CSA_RATE_INDICATOR,PublicArtper1000Residents,-1,-1;NumberofBusinessesthatareArtsRelatedper1000Residents "NumberofBusinessesthatareArtsRelatedper1000Residents" true true false 4 Long 0 0 ,First,#,CSA_RATE_INDICATOR,NumberofBusinessesthatareArtsRelatedper1000Residents,-1,-1;TotalEmploymentinArtsRelatedBusinesses "TotalEmploymentinArtsRelatedBusinesses" true true false 4 Long 0 0 ,First,#,CSA_RATE_INDICATOR,TotalEmploymentinArtsRelatedBusinesses,-1,-1;PercentPopulation1664Employed "PercentPopulation1664Employed" true true false 8 Double 0 0 ,First,#,CSA_RATE_INDICATOR,PercentPopulation1664Employed,-1,-1;PercentPopulation1664UnemployedandLookingforWork "PercentPopulation1664UnemployedandLookingforWork" true true false 8 Double 0 0 ,First,#,CSA_RATE_INDICATOR,PercentPopulation1664UnemployedandLookingforWork,-1,-1;PercentPopulation1664NotinLaborForce "PercentPopulation1664NotinLaborForce" true true false 8 Double 0 0 ,First,#,CSA_RATE_INDICATOR,PercentPopulation1664NotinLaborForce,-1,-1;UnemploymentRate "UnemploymentRate" true true false 8 Double 0 0 ,First,#,CSA_RATE_INDICATOR,UnemploymentRate,-1,-1;PercentPopulation25YearsandoverWithLessThanaHighSchoolDiplomaorG "PercentPopulation25YearsandoverWithLessThanaHighSchoolDiplomaorGED" true true false 8 Double 0 0 ,First,#,CSA_RATE_INDICATOR,PercentPopulation25YearsandoverWithLessThanaHighSchoolDiplomaorG,-1,-1;PercentPopulation25YearsandoverWithHighSchoolDiplomaandSomeColle "PercentPopulation25YearsandoverWithHighSchoolDiplomaandSomeCollegeorAssociatesDegree" true true false 4 Long 0 0 ,First,#,CSA_RATE_INDICATOR,PercentPopulation25YearsandoverWithHighSchoolDiplomaandSomeColle,-1,-1;PercentPopulation25YearsandoverwithaBachelorsDegreeorAbove "PercentPopulation25YearsandoverwithaBachelorsDegreeorAbove" true true false 8 Double 0 0 ,First,#,CSA_RATE_INDICATOR,PercentPopulation25YearsandoverwithaBachelorsDegreeorAbove,-1,-1;TotalNumberofCommercialProperties "TotalNumberofCommercialProperties" true true false 4 Long 0 0 ,First,#,CSA_RATE_INDICATOR,TotalNumberofCommercialProperties,-1,-1;PercentofCommercialPropertieswithRehabPermitsAbove5000 "PercentofCommercialPropertieswithRehabPermitsAbove5000" true true false 8 Double 0 0 ,First,#,CSA_RATE_INDICATOR,PercentofCommercialPropertieswithRehabPermitsAbove5000,-1,-1;TotalNumberofBusinesses "TotalNumberofBusinesses" true true false 4 Long 0 0 ,First,#,CSA_RATE_INDICATOR,TotalNumberofBusinesses,-1,-1;NumberofBusinesseswithUnder50Employees "NumberofBusinesseswithUnder50Employees" true true false 4 Long 0 0 ,First,#,CSA_RATE_INDICATOR,NumberofBusinesseswithUnder50Employees,-1,-1;TotalDollarAmountInvestedinSmallBusinessesper50Businesses "TotalDollarAmountInvestedinSmallBusinessesper50Businesses" true true false 8 Double 0 0 ,First,#,CSA_RATE_INDICATOR,TotalDollarAmountInvestedinSmallBusinessesper50Businesses,-1,-1;NumberofBanksandBankBranchesper1000Residents "NumberofBanksandBankBranchesper1000Residents" true true false 4 Long 0 0 ,First,#,CSA_RATE_INDICATOR,NumberofBanksandBankBranchesper1000Residents,-1,-1;PercentofBusinessesthatare1Yearoldorless "PercentofBusinessesthatare1Yearoldorless" true true false 8 Double 0 0 ,First,#,CSA_RATE_INDICATOR,PercentofBusinessesthatare1Yearoldorless,-1,-1;PercentofBusinessesthatare2Yearsoldorless "PercentofBusinessesthatare2Yearsoldorless" true true false 8 Double 0 0 ,First,#,CSA_RATE_INDICATOR,PercentofBusinessesthatare2Yearsoldorless,-1,-1;PercentofBusinessesthatare4Yearsoldorless "PercentofBusinessesthatare4Yearsoldorless" true true false 8 Double 0 0 ,First,#,CSA_RATE_INDICATOR,PercentofBusinessesthatare4Yearsoldorless,-1,-1;PercentofHouseholdswithNoInternetatHome "PercentofHouseholdswithNoInternetatHome" true true false 8 Double 0 0 ,First,#,CSA_RATE_INDICATOR,PercentofHouseholdswithNoInternetatHome,-1,-1;NumberofBusinessesbySelectedNeighborhoodIndustryNAICSSectors "NumberofBusinessesbySelectedNeighborhoodIndustryNAICSSectors" true true false 4 Long 0 0 ,First,#,CSA_RATE_INDICATOR,NumberofBusinessesbySelectedNeighborhoodIndustryNAICSSectors,-1,-1;NeighborhoodBusinessesper1000ResidentsNAICSSectors "NeighborhoodBusinessesper1000ResidentsNAICSSectors" true true false 4 Long 0 0 ,First,#,CSA_RATE_INDICATOR,NeighborhoodBusinessesper1000ResidentsNAICSSectors,-1,-1;TotalnumberofEmployeesbySelectedNeighborhoodIndustryNAICSSectors "TotalnumberofEmployeesbySelectedNeighborhoodIndustryNAICSSectors" true true false 8000 Text 0 0 ,First,#,CSA_RATE_INDICATOR,TotalnumberofEmployeesbySelectedNeighborhoodIndustryNAICSSectors,-1,-1;TotalnumberofEmployeesbySelectedNeighborhoodIndustryNAICSSecto_1 "TotalnumberofEmployeesbySelectedNeighborhoodIndustryNAICSSectors_X" true true false 8 Double 0 0 ,First,#,CSA_RATE_INDICATOR,TotalnumberofEmployeesbySelectedNeighborhoodIndustryNAICSSecto_1,-1,-1;TotalnumberofEmployeesbySelectedNeighborhoodIndustryNAICSSecto_2 "TotalnumberofEmployeesbySelectedNeighborhoodIndustryNAICSSectors_Y" true true false 8 Double 0 0 ,First,#,CSA_RATE_INDICATOR,TotalnumberofEmployeesbySelectedNeighborhoodIndustryNAICSSecto_2,-1,-1;PercentofPopulationOvertheageof18WhoareRegisteredtoVote "PercentofPopulationOvertheageof18WhoareRegisteredtoVote" true true false 8 Double 0 0 ,First,#,CSA_RATE_INDICATOR,PercentofPopulationOvertheageof18WhoareRegisteredtoVote,-1,-1;PercentPopulationOvertheageof18WhoVotedintheGeneralElection "PercentPopulationOvertheageof18WhoVotedintheGeneralElection" true true false 8 Double 0 0 ,First,#,CSA_RATE_INDICATOR,PercentPopulationOvertheageof18WhoVotedintheGeneralElection,-1,-1;RateofDirtyStreetsandAlleysReportsper1000Residents "RateofDirtyStreetsandAlleysReportsper1000Residents" true true false 8 Double 0 0 ,First,#,CSA_RATE_INDICATOR,RateofDirtyStreetsandAlleysReportsper1000Residents,-1,-1;RateofCloggedStormDrainReportsper1000Residents "RateofCloggedStormDrainReportsper1000Residents" true true false 8 Double 0 0 ,First,#,CSA_RATE_INDICATOR,RateofCloggedStormDrainReportsper1000Residents,-1,-1;PercentofPopulationthatDroveAlonetoWork "PercentofPopulationthatDroveAlonetoWork" true true false 8 Double 0 0 ,First,#,CSA_RATE_INDICATOR,PercentofPopulationthatDroveAlonetoWork,-1,-1;PercentofPopulationthatCarpooltoWork "PercentofPopulationthatCarpooltoWork" true true false 8 Double 0 0 ,First,#,CSA_RATE_INDICATOR,PercentofPopulationthatCarpooltoWork,-1,-1;PercentofPopulationthatUsesPublicTransportationtoGettoWork "PercentofPopulationthatUsesPublicTransportationtoGettoWork" true true false 8 Double 0 0 ,First,#,CSA_RATE_INDICATOR,PercentofPopulationthatUsesPublicTransportationtoGettoWork,-1,-1;PercentofPopulationthatWalkstoWork "PercentofPopulationthatWalkstoWork" true true false 8 Double 0 0 ,First,#,CSA_RATE_INDICATOR,PercentofPopulationthatWalkstoWork,-1,-1;PercentofEmployedPopulationwithTravelTimetoWorkof014Minutes "PercentofEmployedPopulationwithTravelTimetoWorkof014Minutes" true true false 8 Double 0 0 ,First,#,CSA_RATE_INDICATOR,PercentofEmployedPopulationwithTravelTimetoWorkof014Minutes,-1,-1;PercentofEmployedPopulationwithTravelTimetoWorkof1529Minutes "PercentofEmployedPopulationwithTravelTimetoWorkof1529Minutes" true true false 8 Double 0 0 ,First,#,CSA_RATE_INDICATOR,PercentofEmployedPopulationwithTravelTimetoWorkof1529Minutes,-1,-1;PercentofEmployedPopulationwithTravelTimetoWorkof3044Minutes "PercentofEmployedPopulationwithTravelTimetoWorkof3044Minutes" true true false 8 Double 0 0 ,First,#,CSA_RATE_INDICATOR,PercentofEmployedPopulationwithTravelTimetoWorkof3044Minutes,-1,-1;PercentofEmployedPopulationwithTravelTimetoWorkof45MinutesandOve "PercentofEmployedPopulationwithTravelTimetoWorkof45MinutesandOver" true true false 8 Double 0 0 ,First,#,CSA_RATE_INDICATOR,PercentofEmployedPopulationwithTravelTimetoWorkof45MinutesandOve,-1,-1;PercentofResidencesHeatedbyUtilityGas "PercentofResidencesHeatedbyUtilityGas" true true false 4 Long 0 0 ,First,#,CSA_RATE_INDICATOR,PercentofResidencesHeatedbyUtilityGas,-1,-1;PercentofResidencesHeatedbyElectricity "PercentofResidencesHeatedbyElectricity" true true false 8 Double 0 0 ,First,#,CSA_RATE_INDICATOR,PercentofResidencesHeatedbyElectricity,-1,-1;PercentofHouseholdswithNoVehiclesAvailable "PercentofHouseholdswithNoVehiclesAvailable" true true false 4 Long 0 0 ,First,#,CSA_RATE_INDICATOR,PercentofHouseholdswithNoVehiclesAvailable,-1,-1;Numberofdailybusstoploadingsper1000residents "Numberofdailybusstoploadingsper1000residents" true true false 8 Double 0 0 ,First,#,CSA_RATE_INDICATOR,Numberofdailybusstoploadingsper1000residents,-1,-1;PercentofPopulationUsingOtherMeanstoCommutetoWorkTaxiMotorcycleB "PercentofPopulationUsingOtherMeanstoCommutetoWorkTaxiMotorcycleBicycleOther" true true false 8 Double 0 0 ,First,#,CSA_RATE_INDICATOR,PercentofPopulationUsingOtherMeanstoCommutetoWorkTaxiMotorcycleB,-1,-1;NumberofTreesofPlanted "NumberofTreesofPlanted" true true false 4 Long 0 0 ,First,#,CSA_RATE_INDICATOR,NumberofTreesofPlanted,-1,-1;RateofHousingVouchersper1000RentalUnits "RateofHousingVouchersper1000RentalUnits" true true false 8 Double 0 0 ,First,#,CSA_RATE_INDICATOR,RateofHousingVouchersper1000RentalUnits,-1,-1;RateofBusinessesintheCreativeEconomyper1000Residents "RateofBusinessesintheCreativeEconomyper1000Residents" true true false 4 Long 0 0 ,First,#,CSA_RATE_INDICATOR,RateofBusinessesintheCreativeEconomyper1000Residents,-1,-1;NumberofEmployeesintheCreativeEconomy "NumberofEmployeesintheCreativeEconomy" true true false 8000 Text 0 0 ,First,#,CSA_RATE_INDICATOR,NumberofEmployeesintheCreativeEconomy,-1,-1;NumberofPublicMurals "NumberofPublicMurals" true true false 4 Long 0 0 ,First,#,CSA_RATE_INDICATOR,NumberofPublicMurals,-1,-1;RateofStreetLightOutagesper1000Residents "RateofStreetLightOutagesper1000Residents" true true false 8 Double 0 0 ,First,#,CSA_RATE_INDICATOR,RateofStreetLightOutagesper1000Residents,-1,-1;Shape_Length "Shape_Length" false true true 8 Double 0 0 ,First,#,CSA_RATE_INDICATOR,Shape_Length,-1,-1;Shape_Area "Shape_Area" false true true 8 Double 0 0 ,First,#,CSA_RATE_INDICATOR,Shape_Area,-1,-1" #</Process></lineage></DataProperties><SyncDate>20200701</SyncDate><SyncTime>09332400</SyncTime><ModDate>20200701</ModDate><ModTime>09332400</ModTime></Esri><dataIdInfo><envirDesc Sync="TRUE"> Version 6.2 (Build 9200) ; Esri ArcGIS 10.6.0.8321</envirDesc><dataLang><languageCode value="eng" Sync="TRUE"></languageCode><countryCode value="USA" Sync="TRUE"></countryCode></dataLang><idCitation><resTitle Sync="TRUE">CSA_RATE_IND_SLIM</resTitle><presForm><PresFormCd value="005" Sync="TRUE"></PresFormCd></presForm></idCitation><spatRpType><SpatRepTypCd value="001" Sync="TRUE"></SpatRepTypCd></spatRpType></dataIdInfo><mdLang><languageCode value="eng" Sync="TRUE"></languageCode><countryCode value="USA" Sync="TRUE"></countryCode></mdLang><distInfo><distFormat><formatName Sync="TRUE">File Geodatabase Feature Class</formatName></distFormat></distInfo><mdHrLv><ScopeCd value="005" Sync="TRUE"></ScopeCd></mdHrLv><mdHrLvName Sync="TRUE">dataset</mdHrLvName><refSysInfo><RefSystem><refSysID><identCode code="2248" Sync="TRUE"></identCode><idCodeSpace Sync="TRUE">EPSG</idCodeSpace><idVersion Sync="TRUE">5.3(9.0.0)</idVersion></refSysID></RefSystem></refSysInfo><spatRepInfo><VectSpatRep><geometObjs Name="CSA_RATE_IND_SLIM"><geoObjTyp><GeoObjTypCd value="002" Sync="TRUE"></GeoObjTypCd></geoObjTyp><geoObjCnt Sync="TRUE">0</geoObjCnt></geometObjs><topLvl><TopoLevCd value="001" Sync="TRUE"></TopoLevCd></topLvl></VectSpatRep></spatRepInfo><spdoinfo><ptvctinf><esriterm Name="CSA_RATE_IND_SLIM"><efeatyp Sync="TRUE">Simple</efeatyp><efeageom code="4" Sync="TRUE"></efeageom><esritopo Sync="TRUE">FALSE</esritopo><efeacnt Sync="TRUE">0</efeacnt><spindex Sync="TRUE">TRUE</spindex><linrefer Sync="TRUE">FALSE</linrefer></esriterm></ptvctinf></spdoinfo><eainfo><detailed Name="CSA_RATE_IND_SLIM"><enttyp><enttypl Sync="TRUE">CSA_RATE_IND_SLIM</enttypl><enttypt Sync="TRUE">Feature Class</enttypt><enttypc Sync="TRUE">0</enttypc></enttyp><attr><attrlabl Sync="TRUE">OBJECTID_1</attrlabl><attalias Sync="TRUE">OBJECTID_1</attalias><attrtype Sync="TRUE">OID</attrtype><attwidth Sync="TRUE">4</attwidth><atprecis Sync="TRUE">0</atprecis><attscale Sync="TRUE">0</attscale><attrdef Sync="TRUE">Internal feature number.</attrdef><attrdefs Sync="TRUE">Esri</attrdefs><attrdomv><udom Sync="TRUE">Sequential unique whole numbers that are automatically generated.</udom></attrdomv></attr><attr><attrlabl Sync="TRUE">Shape</attrlabl><attalias Sync="TRUE">Shape</attalias><attrtype Sync="TRUE">Geometry</attrtype><attwidth Sync="TRUE">0</attwidth><atprecis Sync="TRUE">0</atprecis><attscale Sync="TRUE">0</attscale><attrdef Sync="TRUE">Feature geometry.</attrdef><attrdefs Sync="TRUE">Esri</attrdefs><attrdomv><udom Sync="TRUE">Coordinates defining the features.</udom></attrdomv></attr><attr><attrlabl Sync="TRUE">OBJECTID</attrlabl><attalias Sync="TRUE">OBJECTID</attalias><attrtype Sync="TRUE">SmallInteger</attrtype><attwidth Sync="TRUE">2</attwidth><atprecis Sync="TRUE">0</atprecis><attscale Sync="TRUE">0</attscale></attr><attr><attrlabl Sync="TRUE">CSA2010</attrlabl><attalias Sync="TRUE">CSA2010</attalias><attrtype Sync="TRUE">String</attrtype><attwidth Sync="TRUE">37</attwidth><atprecis Sync="TRUE">0</atprecis><attscale Sync="TRUE">0</attscale></attr><attr><attrlabl Sync="TRUE">tpop10</attrlabl><attalias Sync="TRUE">tpop10</attalias><attrtype Sync="TRUE">Integer</attrtype><attwidth Sync="TRUE">4</attwidth><atprecis Sync="TRUE">0</atprecis><attscale Sync="TRUE">0</attscale></attr><attr><attrlabl Sync="TRUE">Shape__Are</attrlabl><attalias Sync="TRUE">Shape__Are</attalias><attrtype Sync="TRUE">Double</attrtype><attwidth Sync="TRUE">8</attwidth><atprecis Sync="TRUE">0</atprecis><attscale Sync="TRUE">0</attscale></attr><attr><attrlabl Sync="TRUE">Shape__Len</attrlabl><attalias Sync="TRUE">Shape__Len</attalias><attrtype Sync="TRUE">Double</attrtype><attwidth Sync="TRUE">8</attwidth><atprecis Sync="TRUE">0</atprecis><attscale Sync="TRUE">0</attscale></attr><attr><attrlabl Sync="TRUE">CentX</attrlabl><attalias Sync="TRUE">CentX</attalias><attrtype Sync="TRUE">Double</attrtype><attwidth Sync="TRUE">8</attwidth><atprecis Sync="TRUE">0</atprecis><attscale Sync="TRUE">0</attscale></attr><attr><attrlabl Sync="TRUE">Centy</attrlabl><attalias Sync="TRUE">Centy</attalias><attrtype Sync="TRUE">Double</attrtype><attwidth Sync="TRUE">8</attwidth><atprecis Sync="TRUE">0</atprecis><attscale Sync="TRUE">0</attscale></attr><attr><attrlabl Sync="TRUE">Count_</attrlabl><attalias Sync="TRUE">Count_</attalias><attrtype Sync="TRUE">Integer</attrtype><attwidth Sync="TRUE">4</attwidth><atprecis Sync="TRUE">0</atprecis><attscale Sync="TRUE">0</attscale></attr><attr><attrlabl Sync="TRUE">Sum_test</attrlabl><attalias Sync="TRUE">Sum_test</attalias><attrtype Sync="TRUE">Double</attrtype><attwidth Sync="TRUE">8</attwidth><atprecis Sync="TRUE">0</atprecis><attscale Sync="TRUE">0</attscale></attr><attr><attrlabl Sync="TRUE">Sum_pos</attrlabl><attalias Sync="TRUE">Sum_pos</attalias><attrtype Sync="TRUE">Double</attrtype><attwidth Sync="TRUE">8</attwidth><atprecis Sync="TRUE">0</atprecis><attscale Sync="TRUE">0</attscale></attr><attr><attrlabl Sync="TRUE">Sum_neg</attrlabl><attalias Sync="TRUE">Sum_neg</attalias><attrtype Sync="TRUE">Double</attrtype><attwidth Sync="TRUE">8</attwidth><atprecis Sync="TRUE">0</atprecis><attscale Sync="TRUE">0</attscale></attr><attr><attrlabl Sync="TRUE">Sum_inconcl</attrlabl><attalias Sync="TRUE">Sum_inconcl</attalias><attrtype Sync="TRUE">Double</attrtype><attwidth Sync="TRUE">8</attwidth><atprecis Sync="TRUE">0</atprecis><attscale Sync="TRUE">0</attscale></attr><attr><attrlabl Sync="TRUE">Sum_tag</attrlabl><attalias Sync="TRUE">Sum_tag</attalias><attrtype Sync="TRUE">Double</attrtype><attwidth Sync="TRUE">8</attwidth><atprecis Sync="TRUE">0</atprecis><attscale Sync="TRUE">0</attscale></attr><attr><attrlabl Sync="TRUE">Sum_patient</attrlabl><attalias Sync="TRUE">Sum_patient</attalias><attrtype Sync="TRUE">Double</attrtype><attwidth Sync="TRUE">8</attwidth><atprecis Sync="TRUE">0</atprecis><attscale Sync="TRUE">0</attscale></attr><attr><attrlabl Sync="TRUE">Sum_recs</attrlabl><attalias Sync="TRUE">Sum_recs</attalias><attrtype Sync="TRUE">Double</attrtype><attwidth Sync="TRUE">8</attwidth><atprecis Sync="TRUE">0</atprecis><attscale Sync="TRUE">0</attscale></attr><attr><attrlabl Sync="TRUE">Rate</attrlabl><attalias Sync="TRUE">Rate</attalias><attrtype Sync="TRUE">Single</attrtype><attwidth Sync="TRUE">4</attwidth><atprecis Sync="TRUE">0</atprecis><attscale Sync="TRUE">0</attscale></attr><attr><attrlabl Sync="TRUE">Per_Pos</attrlabl><attalias Sync="TRUE">Per_Pos</attalias><attrtype Sync="TRUE">Single</attrtype><attwidth Sync="TRUE">4</attwidth><atprecis Sync="TRUE">0</atprecis><attscale Sync="TRUE">0</attscale></attr><attr><attrlabl Sync="TRUE">Per_Tested</attrlabl><attalias Sync="TRUE">Per_Tested</attalias><attrtype Sync="TRUE">Single</attrtype><attwidth Sync="TRUE">4</attwidth><atprecis Sync="TRUE">0</atprecis><attscale Sync="TRUE">0</attscale></attr><attr><attrlabl Sync="TRUE">ID</attrlabl><attalias Sync="TRUE">ID</attalias><attrtype Sync="TRUE">Integer</attrtype><attwidth Sync="TRUE">4</attwidth><atprecis Sync="TRUE">0</atprecis><attscale Sync="TRUE">0</attscale></attr><attr><attrlabl Sync="TRUE">CSA2010_1</attrlabl><attalias Sync="TRUE">CSA2010</attalias><attrtype Sync="TRUE">String</attrtype><attwidth Sync="TRUE">8000</attwidth><atprecis Sync="TRUE">0</atprecis><attscale Sync="TRUE">0</attscale></attr><attr><attrlabl Sync="TRUE">PercentofResidentsBlackAfricanAmericanNonHispanic</attrlabl><attalias Sync="TRUE">PercentofResidentsBlackAfricanAmericanNonHispanic</attalias><attrtype Sync="TRUE">Double</attrtype><attwidth Sync="TRUE">8</attwidth><atprecis Sync="TRUE">0</atprecis><attscale Sync="TRUE">0</attscale></attr><attr><attrlabl Sync="TRUE">PercentofResidentsWhiteCaucasianNonHispanic</attrlabl><attalias Sync="TRUE">PercentofResidentsWhiteCaucasianNonHispanic</attalias><attrtype Sync="TRUE">Double</attrtype><attwidth Sync="TRUE">8</attwidth><atprecis Sync="TRUE">0</atprecis><attscale Sync="TRUE">0</attscale></attr><attr><attrlabl Sync="TRUE">PercentofResidentsAsianNonHispanic</attrlabl><attalias Sync="TRUE">PercentofResidentsAsianNonHispanic</attalias><attrtype Sync="TRUE">Double</attrtype><attwidth Sync="TRUE">8</attwidth><atprecis Sync="TRUE">0</atprecis><attscale Sync="TRUE">0</attscale></attr><attr><attrlabl Sync="TRUE">PercentofResidentsTwoorMoreRacesNonHispanic</attrlabl><attalias Sync="TRUE">PercentofResidentsTwoorMoreRacesNonHispanic</attalias><attrtype Sync="TRUE">Double</attrtype><attwidth Sync="TRUE">8</attwidth><atprecis Sync="TRUE">0</atprecis><attscale Sync="TRUE">0</attscale></attr><attr><attrlabl Sync="TRUE">PercentofResidentsAllOtherRacesHawaiianPacificIslanderAlaskanNat</attrlabl><attalias Sync="TRUE">PercentofResidentsAllOtherRacesHawaiianPacificIslanderAlaskanNativeAmericanOtherRaceNonHispanic</attalias><attrtype Sync="TRUE">Double</attrtype><attwidth Sync="TRUE">8</attwidth><atprecis Sync="TRUE">0</atprecis><attscale Sync="TRUE">0</attscale></attr><attr><attrlabl Sync="TRUE">PercentofResidentsHispanic</attrlabl><attalias Sync="TRUE">PercentofResidentsHispanic</attalias><attrtype Sync="TRUE">Double</attrtype><attwidth Sync="TRUE">8</attwidth><atprecis Sync="TRUE">0</atprecis><attscale Sync="TRUE">0</attscale></attr><attr><attrlabl Sync="TRUE">RacialDiversityIndex</attrlabl><attalias Sync="TRUE">RacialDiversityIndex</attalias><attrtype Sync="TRUE">Integer</attrtype><attwidth Sync="TRUE">4</attwidth><atprecis Sync="TRUE">0</atprecis><attscale Sync="TRUE">0</attscale></attr><attr><attrlabl Sync="TRUE">PercentofPopulationUnder5yearsold</attrlabl><attalias Sync="TRUE">PercentofPopulationUnder5yearsold</attalias><attrtype Sync="TRUE">Double</attrtype><attwidth Sync="TRUE">8</attwidth><atprecis Sync="TRUE">0</atprecis><attscale Sync="TRUE">0</attscale></attr><attr><attrlabl Sync="TRUE">PercentofPopulation517yearsold</attrlabl><attalias Sync="TRUE">PercentofPopulation517yearsold</attalias><attrtype Sync="TRUE">Double</attrtype><attwidth Sync="TRUE">8</attwidth><atprecis Sync="TRUE">0</atprecis><attscale Sync="TRUE">0</attscale></attr><attr><attrlabl Sync="TRUE">PercentofPopulation1824yearsold</attrlabl><attalias Sync="TRUE">PercentofPopulation1824yearsold</attalias><attrtype Sync="TRUE">Double</attrtype><attwidth Sync="TRUE">8</attwidth><atprecis Sync="TRUE">0</atprecis><attscale Sync="TRUE">0</attscale></attr><attr><attrlabl Sync="TRUE">PercentofPopulation2564Yearsold</attrlabl><attalias Sync="TRUE">PercentofPopulation2564Yearsold</attalias><attrtype Sync="TRUE">Double</attrtype><attwidth Sync="TRUE">8</attwidth><atprecis Sync="TRUE">0</atprecis><attscale Sync="TRUE">0</attscale></attr><attr><attrlabl Sync="TRUE">PercentofPopulation65Yearsandover</attrlabl><attalias Sync="TRUE">PercentofPopulation65Yearsandover</attalias><attrtype Sync="TRUE">Integer</attrtype><attwidth Sync="TRUE">4</attwidth><atprecis Sync="TRUE">0</atprecis><attscale Sync="TRUE">0</attscale></attr><attr><attrlabl Sync="TRUE">TotalNumberofHouseholds</attrlabl><attalias Sync="TRUE">TotalNumberofHouseholds</attalias><attrtype Sync="TRUE">String</attrtype><attwidth Sync="TRUE">8000</attwidth><atprecis Sync="TRUE">0</atprecis><attscale Sync="TRUE">0</attscale></attr><attr><attrlabl Sync="TRUE">TotalNumberofHouseholds_X</attrlabl><attalias Sync="TRUE">TotalNumberofHouseholds_X</attalias><attrtype Sync="TRUE">Double</attrtype><attwidth Sync="TRUE">8</attwidth><atprecis Sync="TRUE">0</atprecis><attscale Sync="TRUE">0</attscale></attr><attr><attrlabl Sync="TRUE">TotalNumberofHouseholds_Y</attrlabl><attalias Sync="TRUE">TotalNumberofHouseholds_Y</attalias><attrtype Sync="TRUE">Double</attrtype><attwidth Sync="TRUE">8</attwidth><atprecis Sync="TRUE">0</atprecis><attscale Sync="TRUE">0</attscale></attr><attr><attrlabl Sync="TRUE">PercentofFemaleHeadedHouseholdswithChildrenUnder18</attrlabl><attalias Sync="TRUE">PercentofFemaleHeadedHouseholdswithChildrenUnder18</attalias><attrtype Sync="TRUE">Double</attrtype><attwidth Sync="TRUE">8</attwidth><atprecis Sync="TRUE">0</atprecis><attscale Sync="TRUE">0</attscale></attr><attr><attrlabl Sync="TRUE">PercentofHouseholdswithChildrenUnder18</attrlabl><attalias Sync="TRUE">PercentofHouseholdswithChildrenUnder18</attalias><attrtype Sync="TRUE">Double</attrtype><attwidth Sync="TRUE">8</attwidth><atprecis Sync="TRUE">0</atprecis><attscale Sync="TRUE">0</attscale></attr><attr><attrlabl Sync="TRUE">MedianHouseholdIncome</attrlabl><attalias Sync="TRUE">MedianHouseholdIncome</attalias><attrtype Sync="TRUE">Double</attrtype><attwidth Sync="TRUE">8</attwidth><atprecis Sync="TRUE">0</atprecis><attscale Sync="TRUE">0</attscale></attr><attr><attrlabl Sync="TRUE">PercentofHouseholdsEarningLessthan25000</attrlabl><attalias Sync="TRUE">PercentofHouseholdsEarningLessthan25000</attalias><attrtype Sync="TRUE">Double</attrtype><attwidth Sync="TRUE">8</attwidth><atprecis Sync="TRUE">0</atprecis><attscale Sync="TRUE">0</attscale></attr><attr><attrlabl Sync="TRUE">PercentofHouseholdsEarning25000to40000</attrlabl><attalias Sync="TRUE">PercentofHouseholdsEarning25000to40000</attalias><attrtype Sync="TRUE">Double</attrtype><attwidth Sync="TRUE">8</attwidth><atprecis Sync="TRUE">0</atprecis><attscale Sync="TRUE">0</attscale></attr><attr><attrlabl Sync="TRUE">PercentofHouseholdsEarning40000to60000</attrlabl><attalias Sync="TRUE">PercentofHouseholdsEarning40000to60000</attalias><attrtype Sync="TRUE">Double</attrtype><attwidth Sync="TRUE">8</attwidth><atprecis Sync="TRUE">0</atprecis><attscale Sync="TRUE">0</attscale></attr><attr><attrlabl Sync="TRUE">PercentofHouseholdsEarning60000to75000</attrlabl><attalias Sync="TRUE">PercentofHouseholdsEarning60000to75000</attalias><attrtype Sync="TRUE">Double</attrtype><attwidth Sync="TRUE">8</attwidth><atprecis Sync="TRUE">0</atprecis><attscale Sync="TRUE">0</attscale></attr><attr><attrlabl Sync="TRUE">PercentofHouseholdsEarningMorethan75000</attrlabl><attalias Sync="TRUE">PercentofHouseholdsEarningMorethan75000</attalias><attrtype Sync="TRUE">Double</attrtype><attwidth Sync="TRUE">8</attwidth><atprecis Sync="TRUE">0</atprecis><attscale Sync="TRUE">0</attscale></attr><attr><attrlabl Sync="TRUE">PercentofFamilyHouseholdsLivingBelowthePovertyLine</attrlabl><attalias Sync="TRUE">PercentofFamilyHouseholdsLivingBelowthePovertyLine</attalias><attrtype Sync="TRUE">Integer</attrtype><attwidth Sync="TRUE">4</attwidth><atprecis Sync="TRUE">0</atprecis><attscale Sync="TRUE">0</attscale></attr><attr><attrlabl Sync="TRUE">PercentofChildrenLivingBelowthePovertyLine</attrlabl><attalias Sync="TRUE">PercentofChildrenLivingBelowthePovertyLine</attalias><attrtype Sync="TRUE">Double</attrtype><attwidth Sync="TRUE">8</attwidth><atprecis Sync="TRUE">0</atprecis><attscale Sync="TRUE">0</attscale></attr><attr><attrlabl Sync="TRUE">AffordabilityIndexMortgage</attrlabl><attalias Sync="TRUE">AffordabilityIndexMortgage</attalias><attrtype Sync="TRUE">Double</attrtype><attwidth Sync="TRUE">8</attwidth><atprecis Sync="TRUE">0</atprecis><attscale Sync="TRUE">0</attscale></attr><attr><attrlabl Sync="TRUE">AffordabilityIndexRent</attrlabl><attalias Sync="TRUE">AffordabilityIndexRent</attalias><attrtype Sync="TRUE">Double</attrtype><attwidth Sync="TRUE">8</attwidth><atprecis Sync="TRUE">0</atprecis><attscale Sync="TRUE">0</attscale></attr><attr><attrlabl Sync="TRUE">Part1CrimeRateper1000Residents</attrlabl><attalias Sync="TRUE">Part1CrimeRateper1000Residents</attalias><attrtype Sync="TRUE">Double</attrtype><attwidth Sync="TRUE">8</attwidth><atprecis Sync="TRUE">0</atprecis><attscale Sync="TRUE">0</attscale></attr><attr><attrlabl Sync="TRUE">ViolentCrimeRateper1000Residents</attrlabl><attalias Sync="TRUE">ViolentCrimeRateper1000Residents</attalias><attrtype Sync="TRUE">Double</attrtype><attwidth Sync="TRUE">8</attwidth><atprecis Sync="TRUE">0</atprecis><attscale Sync="TRUE">0</attscale></attr><attr><attrlabl Sync="TRUE">PropertyCrimeRateper1000Residents</attrlabl><attalias Sync="TRUE">PropertyCrimeRateper1000Residents</attalias><attrtype Sync="TRUE">Double</attrtype><attwidth Sync="TRUE">8</attwidth><atprecis Sync="TRUE">0</atprecis><attscale Sync="TRUE">0</attscale></attr><attr><attrlabl Sync="TRUE">NumberofShootingsper1000Residents</attrlabl><attalias Sync="TRUE">NumberofShootingsper1000Residents</attalias><attrtype Sync="TRUE">Double</attrtype><attwidth Sync="TRUE">8</attwidth><atprecis Sync="TRUE">0</atprecis><attscale Sync="TRUE">0</attscale></attr><attr><attrlabl Sync="TRUE">NumberofGunRelatedHomicidesper1000Residents</attrlabl><attalias Sync="TRUE">NumberofGunRelatedHomicidesper1000Residents</attalias><attrtype Sync="TRUE">Double</attrtype><attwidth Sync="TRUE">8</attwidth><atprecis Sync="TRUE">0</atprecis><attscale Sync="TRUE">0</attscale></attr><attr><attrlabl Sync="TRUE">NumberofCommonAssaultCallsforServiceper1000Residents</attrlabl><attalias Sync="TRUE">NumberofCommonAssaultCallsforServiceper1000Residents</attalias><attrtype Sync="TRUE">Double</attrtype><attwidth Sync="TRUE">8</attwidth><atprecis Sync="TRUE">0</atprecis><attscale Sync="TRUE">0</attscale></attr><attr><attrlabl Sync="TRUE">NumberofNarcoticsCallsforServiceper1000Residents</attrlabl><attalias Sync="TRUE">NumberofNarcoticsCallsforServiceper1000Residents</attalias><attrtype Sync="TRUE">Double</attrtype><attwidth Sync="TRUE">8</attwidth><atprecis Sync="TRUE">0</atprecis><attscale Sync="TRUE">0</attscale></attr><attr><attrlabl Sync="TRUE">NumberofAutomobileAccidentCallsforServiceper1000Residents</attrlabl><attalias Sync="TRUE">NumberofAutomobileAccidentCallsforServiceper1000Residents</attalias><attrtype Sync="TRUE">Double</attrtype><attwidth Sync="TRUE">8</attwidth><atprecis Sync="TRUE">0</atprecis><attscale Sync="TRUE">0</attscale></attr><attr><attrlabl Sync="TRUE">PercentageofPopulationaged1619inSchoolandorEmployed</attrlabl><attalias Sync="TRUE">PercentageofPopulationaged1619inSchoolandorEmployed</attalias><attrtype Sync="TRUE">Double</attrtype><attwidth Sync="TRUE">8</attwidth><atprecis Sync="TRUE">0</atprecis><attscale Sync="TRUE">0</attscale></attr><attr><attrlabl Sync="TRUE">TeenPregnancyRateper1000Femalesaged1519</attrlabl><attalias Sync="TRUE">TeenPregnancyRateper1000Femalesaged1519</attalias><attrtype Sync="TRUE">Double</attrtype><attwidth Sync="TRUE">8</attwidth><atprecis Sync="TRUE">0</atprecis><attscale Sync="TRUE">0</attscale></attr><attr><attrlabl Sync="TRUE">PercentofBirthsDeliveredatTerm3742Weeks</attrlabl><attalias Sync="TRUE">PercentofBirthsDeliveredatTerm3742Weeks</attalias><attrtype Sync="TRUE">Double</attrtype><attwidth Sync="TRUE">8</attwidth><atprecis Sync="TRUE">0</atprecis><attscale Sync="TRUE">0</attscale></attr><attr><attrlabl Sync="TRUE">PercentofBabiesBornwithaSatisfactoryBirthWeight</attrlabl><attalias Sync="TRUE">PercentofBabiesBornwithaSatisfactoryBirthWeight</attalias><attrtype Sync="TRUE">Double</attrtype><attwidth Sync="TRUE">8</attwidth><atprecis Sync="TRUE">0</atprecis><attscale Sync="TRUE">0</attscale></attr><attr><attrlabl Sync="TRUE">PercentofBirthsWheretheMotherReceivedEarlyPrenatalCareFirstTrime</attrlabl><attalias Sync="TRUE">PercentofBirthsWheretheMotherReceivedEarlyPrenatalCareFirstTrimester</attalias><attrtype Sync="TRUE">Double</attrtype><attwidth Sync="TRUE">8</attwidth><atprecis Sync="TRUE">0</atprecis><attscale Sync="TRUE">0</attscale></attr><attr><attrlabl Sync="TRUE">NumberofChildrenaged06TestedforElevatedBloodLeadLevels</attrlabl><attalias Sync="TRUE">NumberofChildrenaged06TestedforElevatedBloodLeadLevels</attalias><attrtype Sync="TRUE">Integer</attrtype><attwidth Sync="TRUE">4</attwidth><atprecis Sync="TRUE">0</atprecis><attscale Sync="TRUE">0</attscale></attr><attr><attrlabl Sync="TRUE">PercentofChildrenaged06withElevatedBloodLeadLevels</attrlabl><attalias Sync="TRUE">PercentofChildrenaged06withElevatedBloodLeadLevels</attalias><attrtype Sync="TRUE">Integer</attrtype><attwidth Sync="TRUE">4</attwidth><atprecis Sync="TRUE">0</atprecis><attscale Sync="TRUE">0</attscale></attr><attr><attrlabl Sync="TRUE">PercentofFamiliesReceivingTANF</attrlabl><attalias Sync="TRUE">PercentofFamiliesReceivingTANF</attalias><attrtype Sync="TRUE">Double</attrtype><attwidth Sync="TRUE">8</attwidth><atprecis Sync="TRUE">0</atprecis><attscale Sync="TRUE">0</attscale></attr><attr><attrlabl Sync="TRUE">LiquorOutletdensityper1000Residents</attrlabl><attalias Sync="TRUE">LiquorOutletdensityper1000Residents</attalias><attrtype Sync="TRUE">Double</attrtype><attwidth Sync="TRUE">8</attwidth><atprecis Sync="TRUE">0</atprecis><attscale Sync="TRUE">0</attscale></attr><attr><attrlabl Sync="TRUE">FastFoodOutletDensityper1000Residents</attrlabl><attalias Sync="TRUE">FastFoodOutletDensityper1000Residents</attalias><attrtype Sync="TRUE">Double</attrtype><attwidth Sync="TRUE">8</attwidth><atprecis Sync="TRUE">0</atprecis><attscale Sync="TRUE">0</attscale></attr><attr><attrlabl Sync="TRUE">LifeExpectancy</attrlabl><attalias Sync="TRUE">LifeExpectancy</attalias><attrtype Sync="TRUE">Double</attrtype><attwidth Sync="TRUE">8</attwidth><atprecis Sync="TRUE">0</atprecis><attscale Sync="TRUE">0</attscale></attr><attr><attrlabl Sync="TRUE">InfantMortalityRate</attrlabl><attalias Sync="TRUE">InfantMortalityRate</attalias><attrtype Sync="TRUE">Double</attrtype><attwidth Sync="TRUE">8</attwidth><atprecis Sync="TRUE">0</atprecis><attscale Sync="TRUE">0</attscale></attr><attr><attrlabl Sync="TRUE">MortalitybyAge114Yearsold</attrlabl><attalias Sync="TRUE">MortalitybyAge114Yearsold</attalias><attrtype Sync="TRUE">Double</attrtype><attwidth Sync="TRUE">8</attwidth><atprecis Sync="TRUE">0</atprecis><attscale Sync="TRUE">0</attscale></attr><attr><attrlabl Sync="TRUE">MortalitybyAge1524Yearsold</attrlabl><attalias Sync="TRUE">MortalitybyAge1524Yearsold</attalias><attrtype Sync="TRUE">Double</attrtype><attwidth Sync="TRUE">8</attwidth><atprecis Sync="TRUE">0</atprecis><attscale Sync="TRUE">0</attscale></attr><attr><attrlabl Sync="TRUE">MortalitybyAge2544Yearsold</attrlabl><attalias Sync="TRUE">MortalitybyAge2544Yearsold</attalias><attrtype Sync="TRUE">Double</attrtype><attwidth Sync="TRUE">8</attwidth><atprecis Sync="TRUE">0</atprecis><attscale Sync="TRUE">0</attscale></attr><attr><attrlabl Sync="TRUE">MortalitybyAge4564Yearsold</attrlabl><attalias Sync="TRUE">MortalitybyAge4564Yearsold</attalias><attrtype Sync="TRUE">Double</attrtype><attwidth Sync="TRUE">8</attwidth><atprecis Sync="TRUE">0</atprecis><attscale Sync="TRUE">0</attscale></attr><attr><attrlabl Sync="TRUE">MortalitybyAge6584Yearsold</attrlabl><attalias Sync="TRUE">MortalitybyAge6584Yearsold</attalias><attrtype Sync="TRUE">Double</attrtype><attwidth Sync="TRUE">8</attwidth><atprecis Sync="TRUE">0</atprecis><attscale Sync="TRUE">0</attscale></attr><attr><attrlabl Sync="TRUE">MortalitybyAge85andover</attrlabl><attalias Sync="TRUE">MortalitybyAge85andover</attalias><attrtype Sync="TRUE">Double</attrtype><attwidth Sync="TRUE">8</attwidth><atprecis Sync="TRUE">0</atprecis><attscale Sync="TRUE">0</attscale></attr><attr><attrlabl Sync="TRUE">NumberofOverdoseCallsforServiceper1000Residents</attrlabl><attalias Sync="TRUE">NumberofOverdoseCallsforServiceper1000Residents</attalias><attrtype Sync="TRUE">Double</attrtype><attwidth Sync="TRUE">8</attwidth><atprecis Sync="TRUE">0</atprecis><attscale Sync="TRUE">0</attscale></attr><attr><attrlabl Sync="TRUE">NumberofPersonswithLibraryCardsper1000Residents</attrlabl><attalias Sync="TRUE">NumberofPersonswithLibraryCardsper1000Residents</attalias><attrtype Sync="TRUE">Double</attrtype><attwidth Sync="TRUE">8</attwidth><atprecis Sync="TRUE">0</atprecis><attscale Sync="TRUE">0</attscale></attr><attr><attrlabl Sync="TRUE">PublicArtper1000Residents</attrlabl><attalias Sync="TRUE">PublicArtper1000Residents</attalias><attrtype Sync="TRUE">Double</attrtype><attwidth Sync="TRUE">8</attwidth><atprecis Sync="TRUE">0</atprecis><attscale Sync="TRUE">0</attscale></attr><attr><attrlabl Sync="TRUE">NumberofBusinessesthatareArtsRelatedper1000Residents</attrlabl><attalias Sync="TRUE">NumberofBusinessesthatareArtsRelatedper1000Residents</attalias><attrtype Sync="TRUE">Integer</attrtype><attwidth Sync="TRUE">4</attwidth><atprecis Sync="TRUE">0</atprecis><attscale Sync="TRUE">0</attscale></attr><attr><attrlabl Sync="TRUE">TotalEmploymentinArtsRelatedBusinesses</attrlabl><attalias Sync="TRUE">TotalEmploymentinArtsRelatedBusinesses</attalias><attrtype Sync="TRUE">Integer</attrtype><attwidth Sync="TRUE">4</attwidth><atprecis Sync="TRUE">0</atprecis><attscale Sync="TRUE">0</attscale></attr><attr><attrlabl Sync="TRUE">PercentPopulation1664Employed</attrlabl><attalias Sync="TRUE">PercentPopulation1664Employed</attalias><attrtype Sync="TRUE">Double</attrtype><attwidth Sync="TRUE">8</attwidth><atprecis Sync="TRUE">0</atprecis><attscale Sync="TRUE">0</attscale></attr><attr><attrlabl Sync="TRUE">PercentPopulation1664UnemployedandLookingforWork</attrlabl><attalias Sync="TRUE">PercentPopulation1664UnemployedandLookingforWork</attalias><attrtype Sync="TRUE">Double</attrtype><attwidth Sync="TRUE">8</attwidth><atprecis Sync="TRUE">0</atprecis><attscale Sync="TRUE">0</attscale></attr><attr><attrlabl Sync="TRUE">PercentPopulation1664NotinLaborForce</attrlabl><attalias Sync="TRUE">PercentPopulation1664NotinLaborForce</attalias><attrtype Sync="TRUE">Double</attrtype><attwidth Sync="TRUE">8</attwidth><atprecis Sync="TRUE">0</atprecis><attscale Sync="TRUE">0</attscale></attr><attr><attrlabl Sync="TRUE">UnemploymentRate</attrlabl><attalias Sync="TRUE">UnemploymentRate</attalias><attrtype Sync="TRUE">Double</attrtype><attwidth Sync="TRUE">8</attwidth><atprecis Sync="TRUE">0</atprecis><attscale Sync="TRUE">0</attscale></attr><attr><attrlabl Sync="TRUE">PercentPopulation25YearsandoverWithLessThanaHighSchoolDiplomaorG</attrlabl><attalias Sync="TRUE">PercentPopulation25YearsandoverWithLessThanaHighSchoolDiplomaorGED</attalias><attrtype Sync="TRUE">Double</attrtype><attwidth Sync="TRUE">8</attwidth><atprecis Sync="TRUE">0</atprecis><attscale Sync="TRUE">0</attscale></attr><attr><attrlabl Sync="TRUE">PercentPopulation25YearsandoverWithHighSchoolDiplomaandSomeColle</attrlabl><attalias Sync="TRUE">PercentPopulation25YearsandoverWithHighSchoolDiplomaandSomeCollegeorAssociatesDegree</attalias><attrtype Sync="TRUE">Integer</attrtype><attwidth Sync="TRUE">4</attwidth><atprecis Sync="TRUE">0</atprecis><attscale Sync="TRUE">0</attscale></attr><attr><attrlabl Sync="TRUE">PercentPopulation25YearsandoverwithaBachelorsDegreeorAbove</attrlabl><attalias Sync="TRUE">PercentPopulation25YearsandoverwithaBachelorsDegreeorAbove</attalias><attrtype Sync="TRUE">Double</attrtype><attwidth Sync="TRUE">8</attwidth><atprecis Sync="TRUE">0</atprecis><attscale Sync="TRUE">0</attscale></attr><attr><attrlabl Sync="TRUE">TotalNumberofCommercialProperties</attrlabl><attalias Sync="TRUE">TotalNumberofCommercialProperties</attalias><attrtype Sync="TRUE">Integer</attrtype><attwidth Sync="TRUE">4</attwidth><atprecis Sync="TRUE">0</atprecis><attscale Sync="TRUE">0</attscale></attr><attr><attrlabl Sync="TRUE">PercentofCommercialPropertieswithRehabPermitsAbove5000</attrlabl><attalias Sync="TRUE">PercentofCommercialPropertieswithRehabPermitsAbove5000</attalias><attrtype Sync="TRUE">Double</attrtype><attwidth Sync="TRUE">8</attwidth><atprecis Sync="TRUE">0</atprecis><attscale Sync="TRUE">0</attscale></attr><attr><attrlabl Sync="TRUE">TotalNumberofBusinesses</attrlabl><attalias Sync="TRUE">TotalNumberofBusinesses</attalias><attrtype Sync="TRUE">Integer</attrtype><attwidth Sync="TRUE">4</attwidth><atprecis Sync="TRUE">0</atprecis><attscale Sync="TRUE">0</attscale></attr><attr><attrlabl Sync="TRUE">NumberofBusinesseswithUnder50Employees</attrlabl><attalias Sync="TRUE">NumberofBusinesseswithUnder50Employees</attalias><attrtype Sync="TRUE">Integer</attrtype><attwidth Sync="TRUE">4</attwidth><atprecis Sync="TRUE">0</atprecis><attscale Sync="TRUE">0</attscale></attr><attr><attrlabl Sync="TRUE">TotalDollarAmountInvestedinSmallBusinessesper50Businesses</attrlabl><attalias Sync="TRUE">TotalDollarAmountInvestedinSmallBusinessesper50Businesses</attalias><attrtype Sync="TRUE">Double</attrtype><attwidth Sync="TRUE">8</attwidth><atprecis Sync="TRUE">0</atprecis><attscale Sync="TRUE">0</attscale></attr><attr><attrlabl Sync="TRUE">NumberofBanksandBankBranchesper1000Residents</attrlabl><attalias Sync="TRUE">NumberofBanksandBankBranchesper1000Residents</attalias><attrtype Sync="TRUE">Integer</attrtype><attwidth Sync="TRUE">4</attwidth><atprecis Sync="TRUE">0</atprecis><attscale Sync="TRUE">0</attscale></attr><attr><attrlabl Sync="TRUE">PercentofBusinessesthatare1Yearoldorless</attrlabl><attalias Sync="TRUE">PercentofBusinessesthatare1Yearoldorless</attalias><attrtype Sync="TRUE">Double</attrtype><attwidth Sync="TRUE">8</attwidth><atprecis Sync="TRUE">0</atprecis><attscale Sync="TRUE">0</attscale></attr><attr><attrlabl Sync="TRUE">PercentofBusinessesthatare2Yearsoldorless</attrlabl><attalias Sync="TRUE">PercentofBusinessesthatare2Yearsoldorless</attalias><attrtype Sync="TRUE">Double</attrtype><attwidth Sync="TRUE">8</attwidth><atprecis Sync="TRUE">0</atprecis><attscale Sync="TRUE">0</attscale></attr><attr><attrlabl Sync="TRUE">PercentofBusinessesthatare4Yearsoldorless</attrlabl><attalias Sync="TRUE">PercentofBusinessesthatare4Yearsoldorless</attalias><attrtype Sync="TRUE">Double</attrtype><attwidth Sync="TRUE">8</attwidth><atprecis Sync="TRUE">0</atprecis><attscale Sync="TRUE">0</attscale></attr><attr><attrlabl Sync="TRUE">PercentofHouseholdswithNoInternetatHome</attrlabl><attalias Sync="TRUE">PercentofHouseholdswithNoInternetatHome</attalias><attrtype Sync="TRUE">Double</attrtype><attwidth Sync="TRUE">8</attwidth><atprecis Sync="TRUE">0</atprecis><attscale Sync="TRUE">0</attscale></attr><attr><attrlabl Sync="TRUE">NumberofBusinessesbySelectedNeighborhoodIndustryNAICSSectors</attrlabl><attalias Sync="TRUE">NumberofBusinessesbySelectedNeighborhoodIndustryNAICSSectors</attalias><attrtype Sync="TRUE">Integer</attrtype><attwidth Sync="TRUE">4</attwidth><atprecis Sync="TRUE">0</atprecis><attscale Sync="TRUE">0</attscale></attr><attr><attrlabl Sync="TRUE">NeighborhoodBusinessesper1000ResidentsNAICSSectors</attrlabl><attalias Sync="TRUE">NeighborhoodBusinessesper1000ResidentsNAICSSectors</attalias><attrtype Sync="TRUE">Integer</attrtype><attwidth Sync="TRUE">4</attwidth><atprecis Sync="TRUE">0</atprecis><attscale Sync="TRUE">0</attscale></attr><attr><attrlabl Sync="TRUE">TotalnumberofEmployeesbySelectedNeighborhoodIndustryNAICSSectors</attrlabl><attalias Sync="TRUE">TotalnumberofEmployeesbySelectedNeighborhoodIndustryNAICSSectors</attalias><attrtype Sync="TRUE">String</attrtype><attwidth Sync="TRUE">8000</attwidth><atprecis Sync="TRUE">0</atprecis><attscale Sync="TRUE">0</attscale></attr><attr><attrlabl Sync="TRUE">TotalnumberofEmployeesbySelectedNeighborhoodIndustryNAICSSecto_1</attrlabl><attalias Sync="TRUE">TotalnumberofEmployeesbySelectedNeighborhoodIndustryNAICSSectors_X</attalias><attrtype Sync="TRUE">Double</attrtype><attwidth Sync="TRUE">8</attwidth><atprecis Sync="TRUE">0</atprecis><attscale Sync="TRUE">0</attscale></attr><attr><attrlabl Sync="TRUE">TotalnumberofEmployeesbySelectedNeighborhoodIndustryNAICSSecto_2</attrlabl><attalias Sync="TRUE">TotalnumberofEmployeesbySelectedNeighborhoodIndustryNAICSSectors_Y</attalias><attrtype Sync="TRUE">Double</attrtype><attwidth Sync="TRUE">8</attwidth><atprecis Sync="TRUE">0</atprecis><attscale Sync="TRUE">0</attscale></attr><attr><attrlabl Sync="TRUE">PercentofPopulationOvertheageof18WhoareRegisteredtoVote</attrlabl><attalias Sync="TRUE">PercentofPopulationOvertheageof18WhoareRegisteredtoVote</attalias><attrtype Sync="TRUE">Double</attrtype><attwidth Sync="TRUE">8</attwidth><atprecis Sync="TRUE">0</atprecis><attscale Sync="TRUE">0</attscale></attr><attr><attrlabl Sync="TRUE">PercentPopulationOvertheageof18WhoVotedintheGeneralElection</attrlabl><attalias Sync="TRUE">PercentPopulationOvertheageof18WhoVotedintheGeneralElection</attalias><attrtype Sync="TRUE">Double</attrtype><attwidth Sync="TRUE">8</attwidth><atprecis Sync="TRUE">0</atprecis><attscale Sync="TRUE">0</attscale></attr><attr><attrlabl Sync="TRUE">RateofDirtyStreetsandAlleysReportsper1000Residents</attrlabl><attalias Sync="TRUE">RateofDirtyStreetsandAlleysReportsper1000Residents</attalias><attrtype Sync="TRUE">Double</attrtype><attwidth Sync="TRUE">8</attwidth><atprecis Sync="TRUE">0</atprecis><attscale Sync="TRUE">0</attscale></attr><attr><attrlabl Sync="TRUE">RateofCloggedStormDrainReportsper1000Residents</attrlabl><attalias Sync="TRUE">RateofCloggedStormDrainReportsper1000Residents</attalias><attrtype Sync="TRUE">Double</attrtype><attwidth Sync="TRUE">8</attwidth><atprecis Sync="TRUE">0</atprecis><attscale Sync="TRUE">0</attscale></attr><attr><attrlabl Sync="TRUE">PercentofPopulationthatDroveAlonetoWork</attrlabl><attalias Sync="TRUE">PercentofPopulationthatDroveAlonetoWork</attalias><attrtype Sync="TRUE">Double</attrtype><attwidth Sync="TRUE">8</attwidth><atprecis Sync="TRUE">0</atprecis><attscale Sync="TRUE">0</attscale></attr><attr><attrlabl Sync="TRUE">PercentofPopulationthatCarpooltoWork</attrlabl><attalias Sync="TRUE">PercentofPopulationthatCarpooltoWork</attalias><attrtype Sync="TRUE">Double</attrtype><attwidth Sync="TRUE">8</attwidth><atprecis Sync="TRUE">0</atprecis><attscale Sync="TRUE">0</attscale></attr><attr><attrlabl Sync="TRUE">PercentofPopulationthatUsesPublicTransportationtoGettoWork</attrlabl><attalias Sync="TRUE">PercentofPopulationthatUsesPublicTransportationtoGettoWork</attalias><attrtype Sync="TRUE">Double</attrtype><attwidth Sync="TRUE">8</attwidth><atprecis Sync="TRUE">0</atprecis><attscale Sync="TRUE">0</attscale></attr><attr><attrlabl Sync="TRUE">PercentofPopulationthatWalkstoWork</attrlabl><attalias Sync="TRUE">PercentofPopulationthatWalkstoWork</attalias><attrtype Sync="TRUE">Double</attrtype><attwidth Sync="TRUE">8</attwidth><atprecis Sync="TRUE">0</atprecis><attscale Sync="TRUE">0</attscale></attr><attr><attrlabl Sync="TRUE">PercentofEmployedPopulationwithTravelTimetoWorkof014Minutes</attrlabl><attalias Sync="TRUE">PercentofEmployedPopulationwithTravelTimetoWorkof014Minutes</attalias><attrtype Sync="TRUE">Double</attrtype><attwidth Sync="TRUE">8</attwidth><atprecis Sync="TRUE">0</atprecis><attscale Sync="TRUE">0</attscale></attr><attr><attrlabl Sync="TRUE">PercentofEmployedPopulationwithTravelTimetoWorkof1529Minutes</attrlabl><attalias Sync="TRUE">PercentofEmployedPopulationwithTravelTimetoWorkof1529Minutes</attalias><attrtype Sync="TRUE">Double</attrtype><attwidth Sync="TRUE">8</attwidth><atprecis Sync="TRUE">0</atprecis><attscale Sync="TRUE">0</attscale></attr><attr><attrlabl Sync="TRUE">PercentofEmployedPopulationwithTravelTimetoWorkof3044Minutes</attrlabl><attalias Sync="TRUE">PercentofEmployedPopulationwithTravelTimetoWorkof3044Minutes</attalias><attrtype Sync="TRUE">Double</attrtype><attwidth Sync="TRUE">8</attwidth><atprecis Sync="TRUE">0</atprecis><attscale Sync="TRUE">0</attscale></attr><attr><attrlabl Sync="TRUE">PercentofEmployedPopulationwithTravelTimetoWorkof45MinutesandOve</attrlabl><attalias Sync="TRUE">PercentofEmployedPopulationwithTravelTimetoWorkof45MinutesandOver</attalias><attrtype Sync="TRUE">Double</attrtype><attwidth Sync="TRUE">8</attwidth><atprecis Sync="TRUE">0</atprecis><attscale Sync="TRUE">0</attscale></attr><attr><attrlabl Sync="TRUE">PercentofResidencesHeatedbyUtilityGas</attrlabl><attalias Sync="TRUE">PercentofResidencesHeatedbyUtilityGas</attalias><attrtype Sync="TRUE">Integer</attrtype><attwidth Sync="TRUE">4</attwidth><atprecis Sync="TRUE">0</atprecis><attscale Sync="TRUE">0</attscale></attr><attr><attrlabl Sync="TRUE">PercentofResidencesHeatedbyElectricity</attrlabl><attalias Sync="TRUE">PercentofResidencesHeatedbyElectricity</attalias><attrtype Sync="TRUE">Double</attrtype><attwidth Sync="TRUE">8</attwidth><atprecis Sync="TRUE">0</atprecis><attscale Sync="TRUE">0</attscale></attr><attr><attrlabl Sync="TRUE">PercentofHouseholdswithNoVehiclesAvailable</attrlabl><attalias Sync="TRUE">PercentofHouseholdswithNoVehiclesAvailable</attalias><attrtype Sync="TRUE">Integer</attrtype><attwidth Sync="TRUE">4</attwidth><atprecis Sync="TRUE">0</atprecis><attscale Sync="TRUE">0</attscale></attr><attr><attrlabl Sync="TRUE">Numberofdailybusstoploadingsper1000residents</attrlabl><attalias Sync="TRUE">Numberofdailybusstoploadingsper1000residents</attalias><attrtype Sync="TRUE">Double</attrtype><attwidth Sync="TRUE">8</attwidth><atprecis Sync="TRUE">0</atprecis><attscale Sync="TRUE">0</attscale></attr><attr><attrlabl Sync="TRUE">PercentofPopulationUsingOtherMeanstoCommutetoWorkTaxiMotorcycleB</attrlabl><attalias Sync="TRUE">PercentofPopulationUsingOtherMeanstoCommutetoWorkTaxiMotorcycleBicycleOther</attalias><attrtype Sync="TRUE">Double</attrtype><attwidth Sync="TRUE">8</attwidth><atprecis Sync="TRUE">0</atprecis><attscale Sync="TRUE">0</attscale></attr><attr><attrlabl Sync="TRUE">NumberofTreesofPlanted</attrlabl><attalias Sync="TRUE">NumberofTreesofPlanted</attalias><attrtype Sync="TRUE">Integer</attrtype><attwidth Sync="TRUE">4</attwidth><atprecis Sync="TRUE">0</atprecis><attscale Sync="TRUE">0</attscale></attr><attr><attrlabl Sync="TRUE">RateofHousingVouchersper1000RentalUnits</attrlabl><attalias Sync="TRUE">RateofHousingVouchersper1000RentalUnits</attalias><attrtype Sync="TRUE">Double</attrtype><attwidth Sync="TRUE">8</attwidth><atprecis Sync="TRUE">0</atprecis><attscale Sync="TRUE">0</attscale></attr><attr><attrlabl Sync="TRUE">RateofBusinessesintheCreativeEconomyper1000Residents</attrlabl><attalias Sync="TRUE">RateofBusinessesintheCreativeEconomyper1000Residents</attalias><attrtype Sync="TRUE">Integer</attrtype><attwidth Sync="TRUE">4</attwidth><atprecis Sync="TRUE">0</atprecis><attscale Sync="TRUE">0</attscale></attr><attr><attrlabl Sync="TRUE">NumberofEmployeesintheCreativeEconomy</attrlabl><attalias Sync="TRUE">NumberofEmployeesintheCreativeEconomy</attalias><attrtype Sync="TRUE">String</attrtype><attwidth Sync="TRUE">8000</attwidth><atprecis Sync="TRUE">0</atprecis><attscale Sync="TRUE">0</attscale></attr><attr><attrlabl Sync="TRUE">NumberofPublicMurals</attrlabl><attalias Sync="TRUE">NumberofPublicMurals</attalias><attrtype Sync="TRUE">Integer</attrtype><attwidth Sync="TRUE">4</attwidth><atprecis Sync="TRUE">0</atprecis><attscale Sync="TRUE">0</attscale></attr><attr><attrlabl Sync="TRUE">RateofStreetLightOutagesper1000Residents</attrlabl><attalias Sync="TRUE">RateofStreetLightOutagesper1000Residents</attalias><attrtype Sync="TRUE">Double</attrtype><attwidth Sync="TRUE">8</attwidth><atprecis Sync="TRUE">0</atprecis><attscale Sync="TRUE">0</attscale></attr><attr><attrlabl Sync="TRUE">Shape_Length</attrlabl><attalias Sync="TRUE">Shape_Length</attalias><attrtype Sync="TRUE">Double</attrtype><attwidth Sync="TRUE">8</attwidth><atprecis Sync="TRUE">0</atprecis><attscale Sync="TRUE">0</attscale><attrdef Sync="TRUE">Length of feature in internal units.</attrdef><attrdefs Sync="TRUE">Esri</attrdefs><attrdomv><udom Sync="TRUE">Positive real numbers that are automatically generated.</udom></attrdomv></attr><attr><attrlabl Sync="TRUE">Shape_Area</attrlabl><attalias Sync="TRUE">Shape_Area</attalias><attrtype Sync="TRUE">Double</attrtype><attwidth Sync="TRUE">8</attwidth><atprecis Sync="TRUE">0</atprecis><attscale Sync="TRUE">0</attscale><attrdef Sync="TRUE">Area of feature in internal units squared.</attrdef><attrdefs Sync="TRUE">Esri</attrdefs><attrdomv><udom Sync="TRUE">Positive real numbers that are automatically generated.</udom></attrdomv></attr></detailed></eainfo><mdDateSt Sync="TRUE">20200701</mdDateSt></metadata>
